cpu_name,cpu_cpu_mark_1,cpu_cpu_mark_2,cpu_cpu_mark_3,cpu_cpu_mark_4
AMD Ryzen Threadripper PRO 3995WX,195.0,9706.0,1720.0,14881.0
AMD Ryzen 9 5950X,266.5,4324.0,1651.5,16248.0
AMD Ryzen Threadripper 2970WX,173.0,4376.0,1095.0,10501.0
AMD Ryzen 9 5900X,260.5,2984.5,1597.0,11749.0
Intel Core i9-9980XE,197.5,3735.5,1200.0,15780.0
AMD Ryzen Threadripper 2950X,176.0,3110.0,1100.0,12160.0
Intel Core i9-12900H,275.0,2567.0,1883.0,12710.0
Intel Core i5-12600K,275.0,2555.0,1904.0,12797.0
Intel Core i9-11900KB,247.0,2027.0,1656.0,8924.0
Intel Core i9-10900K,217.0,2533.0,1428.0,11393.0
AMD Ryzen 7 5700G,242.0,2234.0,1598.0,9544.0
Intel Core i7-11700K,240.0,2299.0,1765.5,10786.5
Apple M1 Max,197.0,1693.0,1773.0,12635.5
Intel Core i9-10910,215.0,2302.0,1381.0,10244.0
AMD Ryzen Threadripper 2920X,178.0,2628.0,1074.0,9840.0
AMD Ryzen 9 6900HS,253.0,2204.5,1547.0,9207.5
AMD Ryzen Threadripper 1950X,159.0,2997.0,1029.0,11237.0
AMD Ryzen 9 5980HS,243.0,2083.0,1537.0,8620.0
Intel Core i9-11950H,242.5,1954.0,1631.0,7969.0
AMD Ryzen 7 3700X,204.0,2092.0,1304.0,8960.0
Intel Core i9-9900KS,216.0,2058.0,1372.0,9100.0
Intel Core i7-11850H,232.5,1767.5,1672.5,9250.0
AMD Ryzen 5 5600X,254.0,1968.0,1657.0,8980.0
Intel Core i7-11800H,228.0,1943.0,1572.0,8998.5
Intel Core i7-10700,196.0,1455.0,1299.0,8173.0
AMD Ryzen 9 4900H,193.0,1926.5,1231.5,8012.0
AMD Ryzen 9 4900HS,193.0,1863.0,1218.0,7675.0
Intel Core i9-10885H,211.0,1517.0,1317.0,6914.0
AMD Ryzen 7 5800U,229.0,1613.0,1428.5,6722.5
AMD Ryzen 7 4800H,188.0,1854.0,1191.0,7955.0
Intel Core i9-9980HK,201.0,1624.0,1346.0,7568.0
Intel Core i7-9700K,205.5,1449.0,1300.0,7440.0
AMD Ryzen 7 4800HS,186.5,1700.65,1190.5,7611.0
Intel Core i9-9880H,190.0,1508.0,1176.0,7231.0
Intel Core i7-8700K,192.0,1362.0,1210.0,6310.0
Intel Core i5-11400F,210.0,1574.0,1575.0,7681.0
AMD Ryzen 7 4980U,182.0,1658.0,1133.0,7156.0
AMD Ryzen 7 5700U,188.0,1478.0,1188.0,6274.0
Intel Core i9-8950HK,195.0,1223.5,1097.0,5205.0
Intel Xeon E-2176G,200.0,1324.0,1225.0,6271.0
Intel Core i5-11400H,214.0,1277.0,1521.0,6747.0
Intel Core i7-8700,192.0,1199.0,1170.0,6250.0
Intel Core i9-9900T,185.0,1112.0,1206.0,5888.0
Intel Core i7-9750H,185.5,1188.0,1204.0,5813.0
AMD Ryzen 7 1800X,160.78,1618.0,1023.0,6545.0
Intel Xeon E5-2680 v4,100.0,1657.0,,
Intel Xeon E5-2697 v2,105.0,1550.0,,
Intel Core i7-10750H,197.0,1303.5,1270.0,6308.0
Intel Core i5-10500H,188.0,1289.0,1214.0,6332.0
Intel Core i7-11375H,230.0,929.0,1648.0,6098.0
Apple M1,208.0,1072.0,1730.0,7578.0
Intel Core i7-11370H,231.0,984.0,1568.0,5631.5
Intel Core i7-7740X,195.5,991.0,1268.0,5107.0
Intel Core i5-8600K,181.0,989.5,,
Intel Core i5-8500,172.0,950.0,,
AMD Ryzen 7 4700U,180.0,1094.5,1131.0,5656.0
Intel Core i7-10810U,182.0,775.0,1240.5,4456.0
Intel Core i5-8400,169.5,941.0,,
AMD Ryzen 7 1700,147.0,1413.85,,
AMD Ryzen 5 5600U,221.5,1409.0,1360.0,5080.0
AMD Ryzen 5 4680U,170.0,1291.0,1078.0,5785.0
AMD Ryzen 5 5500U,177.0,1236.0,1115.0,5468.0
AMD Ryzen 5 PRO 4650U,175.0,1161.0,1071.0,4648.5
Intel Core i5-11300H,176.0,960.5,1430.0,4593.0
Intel Core i3-10320,188.0,949.0,1217.0,4846.0
Intel Core i7-7700,178.0,857.0,,
Intel Core i7-3960X,159.0,1158.0,,
Intel Core i5-10300H,186.0,892.0,1205.0,4399.0
Intel Core i7-8809G,179.0,865.0,,
Intel Core i5-8500T,145.0,843.0,,
Intel Xeon E3-1280 v5,163.0,815.0,,
Intel Xeon E3-1535M v6,175.5,806.0,,
Intel Core i7-8709G,158.0,791.0,,
Intel Core i7-8705G,174.0,746.0,1059.0,4047.0
Intel Core i5-9300H,172.0,790.0,,
Intel Core i5-8400H,168.0,770.0,,
Intel Core i5-7600K,179.5,674.0,,
Intel Core i7-5775C,152.0,772.0,,
Intel Xeon E3-1505M v6,170.0,737.0,,
AMD Ryzen 5 1500X,154.0,805.0,918.5,4603.5
Intel Core i7-1180G7,188.0,549.0,1525.0,5304.0
AMD Ryzen 3 3100,178.0,991.0,1135.0,5005.0
Intel Core i3-9100F,171.0,634.0,1152.0,4074.0
Intel Core i7-7820HQ,163.0,736.0,,
Intel Core i7-6920HQ,159.5,734.5,,
Intel Xeon E3-1535M v5,159.5,745.5,,
Intel Core i7-7700HQ,159.0,734.0,1004.0,3742.0
Intel Core i5-7500,159.0,585.0,,
Intel Core i5-8279U,167.5,750.0,,
Intel Core i7-4910MQ,153.0,697.0,,
Intel Xeon E3-1230 v3,145.0,729.0,,
Intel Core i7-4790T,152.0,674.0,,
Intel Core i7-6820HK,152.0,709.0,,
Intel Core i7-6770HQ,134.5,711.0,,
Intel Core i7-1065G7,178.56,663.0,1316.0,4439.0
AMD Ryzen 7 3780U,166.0,788.0,940.0,3050.0
Intel Core i5-8259U,152.0,615.0,984.0,3359.0
Intel Core i7-4900MQ,145.0,641.0,,
Intel Core i7-10510U,182.0,681.0,1212.0,3692.0
Intel Core i7-4810MQ,148.0,647.0,,
AMD Ryzen 3 1300X,152.0,558.0,920.0,5210.0
Intel Core i5-1035G4,169.0,602.5,1235.0,3986.0
AMD Ryzen 7 3700U,139.0,672.0,,
Intel Core i5-10310U,170.04,545.63,1122.0,3717.5
Intel Core i7-8665U,180.0,670.0,1039.0,2671.0
Intel Core i5-10210U,166.0,616.0,1079.0,3689.0
Intel Core i7-4720HQ,138.0,642.0,,
Intel Core i7-4710HQ,135.0,646.0,,
Intel Core i7-8565U,173.0,608.5,1135.5,3073.5
Intel Core i7-2600K,129.0,613.5,,
Intel Core i5-8365U,166.0,579.0,,
Intel Core i7-4700HQ,132.0,637.0,,
Intel Core i5-8265U,159.0,601.5,1043.0,3568.0
Intel Xeon E3-1226 v3,145.0,534.0,,
AMD Ryzen 5 3550H,144.5,743.32,895.5,3325.5
AMD Ryzen 3 5300U,170.0,915.0,1060.0,3960.5
AMD Ryzen 5 3500U,143.0,650.0,898.5,3155.5
Intel Core i5-1130G7,179.0,616.67,1321.5,4802.0
AMD Ryzen 5 3580U,139.0,693.0,900.0,2990.0
Intel Core i5-6500,146.5,541.5,,
Intel Core i7-8550U,163.0,553.0,,
Intel Core i3-1115G4,193.0,494.0,1311.5,2505.5
Intel Core i3-1005G1,157.0,405.0,1159.5,2425.5
Intel Core i3-8109U,153.0,381.0,,
Intel Core i7-4712HQ,121.5,517.5,,
Intel Core i7-4750HQ,123.0,612.0,,
Intel Core i7-4702MQ,124.0,575.0,,
AMD FX-8350,97.0,636.0,,
Intel Core i5-6600T,138.0,464.5,,
Intel Core i5-6440HQ,145.0,513.0,,
Intel Core i7-3632QM,113.0,521.0,,
Intel Core i5-8350U,150.5,569.0,,
Intel Core i5-7500T,129.0,512.0,,
Intel Core i5-8250U,143.5,563.0,912.5,3273.5
AMD Ryzen 5 PRO 2500U,134.0,553.0,887.0,3135.0
Intel Core i7-7560U,153.0,336.0,,
Intel Core i5-6500T,128.0,466.0,,
Intel Core i5-7267U,141.0,383.0,,
Intel Core i3-8145U,148.5,351.5,,
AMD Ryzen 3 3300U,134.0,471.0,824.0,2578.0
AMD Ryzen 3 2300U,79.0,422.53,783.0,2360.0
Intel Core i5-7300U,142.0,340.0,,
Intel Core i5-7260U,142.0,373.0,920.0,2064.0
Intel Core i5-6287U,143.0,345.0,882.0,1988.5
Intel Core i5-6267U,131.0,330.0,,
Intel Core i5-4210H,129.0,330.0,,
Intel Core i3-8121U,133.0,317.56,,
AMD A10-6800K,100.0,326.0,,
AMD A10-7850K,86.0,318.0,,
Intel Core i7-6650U,132.0,342.0,,
Intel Core i5-7200U,128.0,327.0,,
Intel Core i3-7100H,130.0,327.5,,
Intel Core i7-5600U,130.0,297.0,,
Intel Core i5-6360U,125.0,309.0,,
Intel Core i5-6300U,122.0,307.0,,
AMD A8-7650K,84.0,296.0,,
Intel Core i7-5500U,121.0,289.0,,
Intel Core i5-4258U,112.0,283.0,724.0,1588.0
AMD A8-5600K,87.0,292.0,,
Intel Core i7-4650U,123.0,256.0,,
Intel Core i5-6198DU,117.0,290.0,,
Intel Core i3-7130U,111.0,284.0,,
Intel Core i5-5300U,117.0,270.0,,
Intel Core i7-4510U,119.0,244.0,,
Intel Core i7-4500U,116.0,260.0,,
Intel Core i7-7Y75,126.0,258.0,,
Intel Core i3-10100Y,122.0,220.0,986.0,1889.0
AMD FX-9830P,93.0,301.0,,
Intel Pentium G4500T,118.0,245.0,,
AMD Ryzen Embedded R1606G,139.0,317.0,877.0,1903.0
AMD Ryzen 3 2200U,117.0,312.0,667.0,1267.0
AMD Ryzen Embedded R1505G,97.3,264.0,612.0,1353.0
Intel Core i5-5250U,107.0,260.0,691.0,1427.0
Intel Core i3-5157U,98.0,259.0,,
Intel Core i5-7Y54,115.0,234.0,,
AMD Athlon 300U,119.0,308.0,867.0,1840.0
Intel Core m3-7Y32,120.0,265.0,773.0,1576.0
Intel Celeron J4105,73.0,270.0,,
AMD PRO A12-9800B,75.0,225.0,,
Intel Pentium Gold 5405U,91.1,227.0,570.0,1255.0
Intel Core i3-4000M,95.0,240.0,,
Intel Core i5-3437U,101.0,224.0,,
AMD A12-9700P,79.0,225.5,,
AMD Pro A12-8800B,72.0,206.0,,
Intel Core i5-4260U,105.0,239.0,,
Intel Core m7-6Y75,102.0,205.0,,
Intel Core i3-7020U,93.0,227.0,,
Intel Pentium Gold 4417U,89.0,228.0,,
AMD PRO A8-9600B,71.0,203.0,,
AMD FX-7600P,75.0,228.0,487.0,1438.0
Intel Core i3-5015U,85.0,214.0,,
Intel Core i3-5005U,82.0,208.0,531.0,1150.0
Intel Core m5-6Y57,101.0,180.0,,
AMD A10-8700P,69.0,194.0,,
Intel Pentium Silver N6005,115.0,293.0,650.5,1625.5
Intel Core i7-4610Y,107.0,192.0,,
Intel Pentium Silver N5030,80.88,225.97,512.0,1221.0
Intel Celeron J4125,76.15,245.5,458.5,1447.5
AMD A10-5750M,76.0,209.0,493.0,1326.0
Intel Core M-5Y71,96.0,187.0,,
Intel Pentium 3825U,77.0,190.0,,
Intel Celeron 2970M,85.0,164.0,,
Intel Core i5-4302Y,65.0,185.0,,
AMD A10-4600M,63.0,187.0,446.0,1162.0
AMD A8-5550M,68.0,188.0,395.0,1073.0
AMD Athlon Silver 3050e,102.0,226.5,594.5,1172.0
Intel Core M-5Y70,91.0,182.0,,
Intel Celeron 3865U,72.0,142.0,,
AMD A10 Pro-7350B,55.0,162.0,,
Intel Celeron N4120,73.2,224.0,439.0,1509.0
Intel Core M-5Y10a,83.0,190.0,,
AMD A9-9425,76.0,125.0,,
Intel Core i5-4202Y,74.0,169.0,,
AMD A9-9410,63.0,130.0,,
Intel Core i5-3339Y,71.0,163.0,,
Intel Core i3-4005U,68.0,172.0,,
Intel Core i3-3217U,63.5,152.0,,
Intel Pentium N4200,52.0,163.0,345.0,935.0
AMD A8-7100,44.0,133.0,,
Intel Celeron J4115,70.6,244.0,399.0,1420.5
Intel Core i3-4020Y,60.0,152.0,,
AMD A6-7310,44.5,139.0,,
Intel Core 2 Duo P8600,65.0,118.0,,
Intel Pentium 3558U,67.0,129.0,,
AMD A6-9220,68.5,111.5,,
Intel Pentium 2117U,58.0,120.0,,
Intel Celeron N4500,82.0,171.0,499.5,885.0
AMD A6-5350M,63.5,117.5,,
Intel Pentium N3540,42.0,156.5,,
Intel Celeron N3450,44.5,143.0,,
Intel Atom x7-Z8750,38.9,133.0,233.0,770.0
AMD A4-4300M,60.0,93.0,,
Intel Pentium N3700,37.0,141.0,,
Intel Atom x7-Z8700,37.5,116.0,,
AMD E2-7110,37.0,140.0,,
Intel Atom x5-Z8550,36.0,134.0,,
Intel Atom x7-E3950,41.0,125.0,,
Intel Celeron N2940,35.5,110.5,,
Intel Celeron J3355,47.6,90.0,,
Intel Celeron N3150,32.0,118.0,,
Intel Pentium N3510,33.0,123.0,,
AMD A4-5000,33.0,119.0,193.0,676.0
Intel Atom x5-Z8300,27.0,94.0,,
AMD E2-9000,47.0,84.0,,
Intel Celeron N2840,38.0,76.0,,
Intel Celeron N3060,38.0,72.5,,
Intel Atom x5-E8000,27.0,94.0,,
Intel Celeron N2830,38.0,67.0,,
Intel Celeron N3050,34.0,62.5,,
Intel Celeron N2810,31.0,59.0,,
Intel Core 2 Duo SU7300,38.7,72.22,207.0,392.0
AMD E1-6010,25.0,49.0,,
Intel Celeron N2806,26.0,58.0,,
AMD A4-1250,20.5,32.5,,
AMD A4-1200,19.0,31.0,,
AMD Ryzen Threadripper PRO 3975WX,201.0,7053.0,1285.0,28798.0
Intel Core i9-12900K,289.0,3765.0,2005.5,17776.0
AMD Ryzen 9 3950X,209.0,4002.0,1306.0,12363.0
Intel Core i9-10980XE,208.0,3744.0,1260.0,16480.0
Intel Core i7-12700K,272.0,3325.0,1890.0,15557.0
Intel Core i9-12900HK,276.5,2783.0,1878.5,13756.5
AMD Ryzen 9 3900X,207.0,3049.0,1250.0,10498.0
Intel Core i9-11900K,256.0,2397.0,1787.5,10596.5
AMD Ryzen 7 5800X,266.0,2616.0,1665.0,11354.0
AMD Ryzen 9 3900,197.0,2804.0,1246.0,10190.0
Intel Core i9-10850K,215.0,2457.0,1401.0,11436.0
Intel Core i7-12800H,261.5,2200.0,1748.5,12615.5
Apple M1 Pro,209.0,1690.0,1768.0,12499.0
Intel Core i9-11980HK,230.0,2152.0,1627.0,9813.0
Intel Core i9-11900H,239.5,2166.0,1628.0,9645.5
AMD Ryzen 9 5900HX,240.0,2095.5,1537.0,8251.0
Intel Core i7-12700H,257.5,2779.5,1761.0,13033.0
Apple M1 Pro 8-Core,210.0,1320.0,1769.0,9942.0
AMD Ryzen 7 3800XT,219.0,2230.0,1353.0,8948.0
AMD Ryzen 9 5900HS,236.5,2041.13,1497.0,7867.0
Intel Core i7-10700K,208.0,2027.0,1373.5,8925.0
Intel Core i9-9900K,212.0,1979.0,1300.0,8845.0
Intel Core i5-11600K,238.0,1744.0,1723.0,8429.5
AMD Ryzen 7 5800H,229.5,2009.0,1464.0,7734.0
Intel Core i9-7900X,192.74,2148.0,1172.0,11222.0
Intel Core i9-10980HK,206.0,1737.0,1347.5,8155.5
Intel Xeon W-10885M,210.0,1640.0,1340.0,8378.0
AMD Ryzen 5 5600H,223.0,1547.35,1395.5,6573.0
AMD Ryzen 7 PRO 5850U,227.0,1467.0,1436.0,6889.0
Intel Core i7-10875H,202.0,1594.5,1300.0,7799.0
Intel Core i7-10870H,200.0,1659.0,1282.5,7735.5
AMD Ryzen 5 5600G,228.0,1724.0,1506.0,8003.0
Intel Core i5-10600K,205.0,1452.0,1286.0,7248.0
Intel Core i7-8086K,206.0,1349.0,1240.0,5485.0
AMD Ryzen 7 2700X,175.67,1761.73,1177.0,7021.5
Intel Core i5-10400F,180.0,1332.0,1220.0,6365.0
Intel Core i7-6950X,155.5,1859.0,957.0,8888.0
Intel Core i7-9700,199.0,1254.0,1312.0,7060.0
Intel Xeon E-2276M,195.0,1242.5,1303.0,6595.0
Intel Xeon W-2145,177.0,1682.0,1192.0,9146.0
AMD Ryzen 7 4800U,182.0,1568.0,1154.0,5898.0
Intel Core i5-9600K,193.0,1094.0,1217.0,5855.0
Intel Core i7-9850H,193.0,1230.0,1150.0,5270.0
AMD Ryzen 7 2700,161.0,1551.0,1000.0,6560.0
AMD Ryzen 7 1700X,154.0,1537.0,932.0,6275.0
AMD Ryzen 5 4600H,177.0,1420.0,1116.5,6021.5
Intel Core i7-10850H,203.0,1232.0,1305.0,5753.0
Intel Xeon E-2176M,187.0,1095.0,,
Intel Core i7-11390H,239.0,1041.0,1619.5,5838.5
AMD Ryzen 7 PRO 4750U,181.0,1410.0,1149.0,6153.0
Intel Core i7-1195G7,221.0,945.5,1534.5,4725.0
Intel Core i7-1185G7,217.07,886.37,1533.0,5560.0
Intel Core i7-8850H,181.5,1090.0,1121.0,4908.0
Intel Core i7-7700K,192.5,938.5,,
Intel Core i7-8750H,173.0,1116.0,1050.0,4820.0
Intel Core i7-1165G7,218.0,850.0,1537.0,5187.0
Intel Core i7-10710U,176.0,1059.0,1227.0,5207.0
Intel Core i7-5960X,139.0,1387.0,,
AMD Ryzen 5 2600X,163.0,1341.0,1144.5,6094.0
AMD Ryzen 5 PRO 5650U,218.0,1207.0,1353.0,5736.0
AMD Ryzen 5 2600,157.28,1248.24,1118.5,6069.5
AMD Ryzen 5 4600U,175.5,1089.0,1105.0,5591.0
Intel Core i5-11320H,212.0,950.0,1453.0,5657.0
Intel Core i5-10400H,192.0,796.0,1245.0,4332.0
Intel Core i7-4960X,144.0,1076.0,,
Intel Core i7-6700K,177.5,880.0,,
Intel Core i5-1135G7,198.0,822.5,1384.0,4690.0
AMD Ryzen 5 4500U,174.0,892.0,1097.0,4632.0
Intel Core i7-4790K,174.0,846.0,,
AMD Ryzen 5 1600,147.0,1129.0,950.0,5424.5
Intel Core i7-6700,168.5,802.0,,
Intel Core i5-1038NG7,169.0,768.0,1265.0,4564.0
Intel Core i7-8706G,172.0,781.0,,
Intel Core i7-7920HQ,163.0,814.0,,
Intel Core i7-4790,158.5,765.0,,
Intel Core i7-7700T,155.0,714.0,,
Intel Core i7-8559U,188.0,798.0,723.0,3660.0
Intel Core i7-4790S,150.0,714.0,,
Intel Core i5-8300H,170.0,812.0,990.0,3270.0
AMD Ryzen 3 3300X,195.0,1071.0,1296.0,5311.0
Intel Core i5-9400F,173.0,984.0,1139.0,5715.0
Intel Core i3-10100,181.0,895.0,1187.5,4758.0
Intel Core i7-4940MX,157.0,708.0,,
Intel Core i7-7820HK,162.0,770.0,,
Intel Core i7-4930MX,150.0,736.0,,
AMD Ryzen 5 2400G,155.63,846.71,1001.0,3885.0
Intel Core i5-8305G,157.0,710.0,,
Intel Xeon E3-1505M v5,157.5,724.5,,
Intel Core i7-4980HQ,154.0,696.0,,
Intel Xeon E3-1231 v3,152.0,732.0,,
Intel Core i5-6600K,166.0,601.5,,
Intel Core i7-5700HQ,144.0,720.0,,
Intel Core i7-6820HQ,153.0,704.0,,
Intel Core i7-6700T,153.0,668.0,,
Intel Core i7-1160G7,200.5,816.14,1437.0,4917.0
AMD Ryzen 5 1400,133.76,688.0,831.0,3037.5
Intel Core i5-8257U,157.67,633.49,948.0,3858.0
Intel Core i7-10610U,178.0,604.5,1243.5,4123.5
Intel Core i7-6700HQ,144.0,676.0,,
Intel Core i7-4870HQ,143.0,621.0,,
Intel Core i5-1035G7,170.0,712.0,1163.0,2713.0
AMD Ryzen 7 3750H,144.0,734.0,874.0,3537.0
AMD Ryzen 7 PRO 3700U,149.0,658.0,808.0,3018.0
Intel Core i5-1035G1,167.5,606.0,1219.0,3858.0
Intel Core i7-8650U,169.0,605.0,,
Intel Core i7-4800MQ,142.0,663.0,,
Intel Core i7-4850HQ,133.0,578.0,,
Intel Core i7-4710MQ,135.0,645.0,,
Intel Core i7-4770HQ,132.0,635.0,,
Intel Core i5-7440HQ,158.0,554.0,,
Intel Core i7-3720QM,126.0,610.0,,
Intel Core i7-4700MQ,132.0,631.0,,
Intel Core i5-1140G7,179.0,630.0,1353.0,3921.0
Intel Core i5-4590,146.0,530.0,,
AMD Ryzen 7 2700U,143.5,644.0,813.0,2969.0
AMD Ryzen 3 2200G,145.55,576.84,1086.5,4881.5
AMD Ryzen 5 PRO 3500U,142.0,624.0,863.0,2824.0
AMD Ryzen 3 4300U,165.0,580.0,1027.0,3330.0
AMD Ryzen 5 3450U,137.5,566.5,837.5,2916.0
Intel Core i7-7567U,159.0,432.0,,
Intel Core i5-1030NG7,140.0,448.0,1088.5,2710.0
Intel Core i7-7660U,158.5,403.5,,
Intel Core i3-10110U,162.0,321.0,987.0,2025.5
Intel Core i7-7600U,161.0,344.0,,
Intel Core i7-4712MQ,130.0,597.0,,
Intel Core i7-4702HQ,127.0,501.0,,
Intel Core i7-2860QM,123.0,533.0,732.5,2832.5
Intel Core i5-7300HQ,142.0,513.0,,
Intel Core i5-4460,136.0,496.0,,
Intel Core i5-6300HQ,131.0,466.0,,
AMD Ryzen 3 1200,135.0,480.0,834.0,2882.0
Intel Core i5-4430,127.0,463.0,,
AMD Ryzen 5 2500U,137.0,609.0,831.0,2515.0
AMD Ryzen Embedded V1605B,128.0,654.0,819.0,3184.0
Intel Core i5-6400,134.0,510.0,,
Intel Core i5-6400T,119.0,420.0,,
Intel Core i7-6567U,143.59,359.5,970.0,2117.0
Intel Core i5-7360U,142.5,354.0,,
AMD Ryzen 3 PRO 3300U,126.0,481.0,,
Intel Core i7-7500U,144.0,340.0,,
Intel Core i3-8130U,139.0,338.0,,
Intel Core i3-1000NG4,141.0,333.0,1096.0,2028.0
Intel Core i7-5557U,140.0,353.0,,
Intel Core i7-4600M,132.0,310.0,,
Intel Core i5-4200H,129.5,323.5,,
Intel Core i5-5257U,124.0,316.0,,
Intel Core i5-4310M,128.5,326.0,,
Intel Core i7-6600U,141.0,321.0,,
Intel Core i7-6560U,132.0,314.0,,
Intel Core i5-4300M,126.5,313.5,,
Intel Core i7-6500U,128.0,316.0,,
Intel Core i7-5650U,112.0,296.0,,
Intel Core i5-4210M,122.0,305.5,,
AMD A10-7700K,83.0,285.0,,
Intel Core i5-4200M,118.0,297.0,,
Intel Core i5-6260U,117.0,298.0,,
Intel Core i5-3230M,105.0,258.0,,
Intel Core i7-4600U,124.0,248.0,,
Intel Core i5-L16G7,89.5,255.0,826.5,1633.5
Intel Core i5-6200U,115.0,289.0,,
Intel Core i3-6100H,108.0,292.0,,
Intel Core i5-5350U,116.0,277.0,,
Intel Core i7-8500Y,130.5,246.5,,
Intel Core i7-4550U,118.0,253.0,,
Intel Core i5-8210Y,129.5,269.5,,
Intel Core i5-4310U,110.0,263.0,,
Intel Core i7-3537U,104.0,247.0,,
AMD Ryzen 3 3250U,126.0,351.0,767.5,1753.0
AMD Ryzen 3 3200U,129.0,334.0,796.5,1651.5
AMD Athlon Gold 3150U,117.0,352.0,751.0,1847.0
Intel Core i5-5200U,108.0,259.0,,
Intel Core i5-4300U,108.0,253.0,,
Intel Core i5-7Y57,133.0,273.0,,
Intel Core i3-7100U,95.0,256.5,,
Intel Core i3-6100U,97.0,247.0,,
Intel Core m3-8100Y,96.6,179.5,845.5,1396.5
AMD FX-9800P,74.0,236.0,,
Intel Pentium Gold 4415U,94.0,239.5,,
Intel Core m3-7Y30,105.0,250.0,,
AMD A12-9720P,72.5,234.5,,
AMD FX-8800P,82.0,277.0,,
Intel Core i5-4210U,102.0,237.0,,
AMD A10-9620P,72.0,230.0,,
Intel Core i5-4200U,99.0,229.0,,
Intel Core i5-3337U,95.0,222.0,,
AMD A10-9600P,76.0,216.0,,
Intel Core i3-3110M,81.5,209.0,,
Intel Core i3-5010U,85.0,218.0,,
Intel Core i3-6006U,83.5,214.5,,
Intel Core i3-2350M,79.0,196.0,,
Intel Core m5-6Y54,103.0,222.5,,
AMD Pro A10-8700B,70.0,192.0,,
Intel Pentium Silver N6000,117.0,302.0,730.0,1897.0
Intel Celeron N5095,109.0,300.0,,
AMD Pro A8-8600B,69.0,181.0,,
Intel Pentium Silver N5000,78.0,236.5,421.0,1582.0
Intel Core i7-2637M,93.0,201.0,,
Intel Core i3-4158U,77.0,194.0,,
Intel Celeron J4005,77.0,144.0,,
Intel Core i5-4300Y,77.0,133.0,,
Intel Core i3-4030U,70.0,191.0,,
AMD A10-5745M,63.5,177.0,,
Intel Core m3-6Y30,85.5,204.0,,
Intel Core M-5Y51,84.0,152.0,,
AMD 3020e,92.0,196.0,638.0,1188.0
AMD FX-7500,55.0,153.0,,
Intel Core M-5Y31,98.0,208.0,,
Intel Core M-5Y10c,66.0,164.0,,
Intel Core M-5Y10,81.0,155.0,,
AMD A9-9420,81.0,134.0,,
AMD A6-6400K,88.0,149.0,,
Intel Core i5-4210Y,72.5,147.0,,
Intel Core i3-4010U,67.0,170.5,,
Intel Pentium Gold 4415Y,65.0,164.0,,
AMD A10-7300,58.0,158.0,,
AMD A8-7410,52.0,174.0,,
AMD A4-5300,67.0,107.0,,
Intel Celeron N4100,68.6,198.0,405.0,1271.0
Intel Core i3-4012Y,60.0,150.0,,
AMD A8-6410,49.0,165.0,,
AMD A6-6310,47.0,157.0,,
AMD A4-7210,46.0,157.0,,
AMD A6-9225,73.0,108.5,,
Intel Pentium 3556U,65.5,125.5,,
Intel Celeron N4505,108.0,204.0,660.0,1239.0
Intel Celeron N4020,78.93,144.07,475.0,858.0
Intel Celeron N4000,70.9,138.0,433.5,801.5
AMD A6-5200,42.4,156.0,248.0,831.5
Intel Pentium N3710,41.0,145.0,,
AMD A4-5150M,59.1,100.95,454.0,633.0
Intel Pentium N3530,39.0,130.5,,
Intel Pentium N3520,38.0,144.0,,
AMD E2-9010,53.0,91.0,,
AMD A4-6210,37.5,134.5,,
Intel Atom Z3795,37.0,131.0,,
Intel Atom x5-Z8500,35.5,106.5,,
Intel Celeron 2957U,55.0,105.0,,
Intel Celeron N3350,46.0,85.0,320.0,605.5
Intel Celeron N2930,35.0,129.0,,
Intel Celeron N2920,32.5,118.5,,
Intel Atom x5-Z8350,28.0,97.0,,
AMD E2-3800,28.0,103.0,,
AMD A6 Pro-7050B,49.5,81.5,,
AMD A6-9220e,31.0,86.0,,
Intel Celeron N2910,27.0,97.0,,
AMD A4 Micro-6400T,34.0,95.0,,
Intel Celeron N2820,37.9,58.0,,
Intel Celeron N2815,32.5,55.5,,
Intel Pentium 2129Y,39.0,72.0,,
AMD E1-2500,27.0,44.0,,
Intel Celeron N2807,35.0,65.0,,
Intel Celeron N2805,24.0,44.0,,
AMD E1-2100,20.0,36.0,125.0,238.5
Intel Core i5-9400H,,823.0,,
Intel Core i7-5850HQ,,667.0,,
Intel Core i5-3380M,,278.0,,
Intel Celeron 4205U,,136.0,,
Intel Core i3-3227U,,175.0,,
Intel Xeon E-2186M,,1098.0,1248.0,5239.0
Intel Core i7-5950HQ,,748.0,,
Intel Core i7-4960HQ,,632.0,,
Intel Celeron 3867U,,134.0,434.0,873.0
AMD A9-9420e,,97.0,,
AMD Ryzen 7 5800HS,,,1380.0,7454.0
Intel Core i5-10200H,,,1093.0,4126.0
Intel Core i5-9300HF,,,1090.0,4370.0
Apple A15 Bionic,,,1738.0,4819.0
Intel Core i7-1060G7,,,1167.0,2322.0
AMD Ryzen 3 5400U,,,1170.0,3095.0
Qualcomm Snapdragon 8cx Gen 2 5G,,,797.0,3115.5
MediaTek Dimensity 9000,,,1273.0,4324.0
Apple A12X Bionic,,,1120.0,4620.0
Qualcomm Snapdragon 8 Gen 1,,,1237.0,3659.0
Qualcomm Snapdragon 8cx,,,700.0,2760.0
Qualcomm Snapdragon 888 5G,,,1126.5,3601.0
Samsung Exynos 2200,,,1154.0,3560.0
Intel Core i7-2675QM,,,536.0,1928.0
AMD Ryzen 3 3350U,,,864.0,2455.0
Intel Pentium Gold 7505,,,1093.0,2326.0
AMD Ryzen 3 PRO 2300U,,,727.0,2156.0
Intel Core i5-10210Y,,,738.0,2735.0
Samsung Exynos 2100 5G,,,1100.0,3364.0
Qualcomm Snapdragon 865+ (Plus),,,980.0,3250.5
MediaTek Dimensity 1200,,,833.0,2689.5
Intel Core i5-8200Y,,,900.0,1934.0
Intel Core i3-L13G4,,,816.0,1349.0
Intel Pentium Gold 6405U,,,595.0,1320.0
AMD Athlon Silver 3050U,,,743.0,1429.0
Qualcomm Snapdragon 780G 5G,,,809.0,2998.0
HiSilicon Kirin 990 5G,,,772.5,3076.5
Samsung Exynos 990,,,940.0,2787.0
Qualcomm Snapdragon 7c Gen 2,,,556.0,1630.0
Qualcomm Snapdragon 855+ / 855 Plus,,,751.0,2658.5
Apple A11 Bionic,,,927.0,2339.0
MediaTek Dimensity 1000+,,,796.0,2762.0
MediaTek Dimensity 920,,,814.0,2046.0
MediaTek Dimensity 820,,,652.0,2678.0
Samsung Exynos 9820,,,825.0,2259.0
MediaTek Dimensity 810,,,598.0,1809.0
HiSilicon Kirin 810,,,598.0,1919.5
Qualcomm Snapdragon 695 5G,,,697.0,2016.0
Qualcomm Snapdragon 845,,,466.0,2012.0
Qualcomm Snapdragon 765,,,592.5,1911.5
AMD 3015e,,,464.0,860.0
Qualcomm Snapdragon 690 5G,,,600.0,1794.5
Qualcomm Snapdragon 732G,,,565.0,1787.0
MediaTek Dimensity 700,,,562.5,1708.5
Qualcomm Snapdragon 720G,,,567.0,1694.0
Mediatek Helio G90T,,,503.0,1593.0
Qualcomm Snapdragon 480 5G,,,510.0,1663.0
Mediatek Helio P90,,,408.0,1524.0
Qualcomm Snapdragon 835 (8998),,,386.0,1669.0
Samsung Exynos 9611,,,347.5,1323.5
Mediatek Helio P65,,,354.0,1239.5
Qualcomm Snapdragon 710,,,393.0,1478.0
Qualcomm Snapdragon 665,,,310.5,1371.5
Qualcomm Snapdragon 660,,,330.5,1440.5
UNISOC T616,,,380.0,1392.0
UNISOC T606,,,312.0,1175.0
Mediatek Helio G88,,,365.0,1265.0
Mediatek Helio G80,,,370.0,1345.0
HiSilicon Kirin 710,,,330.5,1338.0
Mediatek Helio P60T,,,263.0,926.0
Mediatek MT8183,,,301.5,1198.5
Samsung Exynos 850,,,180.0,1061.5
Mediatek Helio G35,,,166.5,758.0
Apple A8,,,328.0,627.0
Mediatek Helio A25,,,138.5,860.0
Qualcomm Snapdragon 632,,,271.0,1233.0
UNISOC SC9863A,,,145.0,782.0
Qualcomm Snapdragon 439,,,176.0,823.0
Mediatek Helio P22T MT8768T,,,172.0,920.0
Apple A7,,,276.0,502.0
Qualcomm Snapdragon 450,,,131.0,498.0
Qualcomm Snapdragon 429,,,168.0,566.0
Mediatek MT8766B,,,133.0,455.0
Mediatek MT6737,,,58.0,291.0
Mediatek MT6580M,,,63.0,248.0
Intel Xeon W-10855M,,,1296.0,6231.0
AMD Ryzen 5 4600HS,,,1100.0,6345.0
Intel Core i7-1068G7,,,1173.0,4449.0
Intel Xeon E3-1575M v5,,,953.0,4075.0
AMD Ryzen 3 PRO 4450U,,,1033.0,3657.0
Intel Core i3-10100F,,,1072.0,3650.0
Intel Core i7-8557U,,,1079.0,4119.0
Intel Core i7-1060NG7,,,1153.0,2940.0
Intel Core i7-4722HQ,,,750.0,2701.0
AMD Ryzen 7 PRO 2700U,,,882.0,3183.0
AMD Ryzen 5 2600H,,,812.0,3226.0
Intel Core i5-3470,,,675.0,2095.0
Intel Core i5-7287U,,,898.5,2193.0
Apple A12Z Bionic,,,1122.0,4709.5
Apple A14 Bionic,,,1593.0,4160.0
Microsoft SQ1,,,739.0,2875.0
Qualcomm Snapdragon 888 Plus 5G,,,1156.0,3644.0
Qualcomm Snapdragon 888 4G,,,1104.0,3143.0
Apple A13 Bionic,,,1332.0,3378.5
Intel Core i7-10510Y,,,1005.0,2728.0
Qualcomm Snapdragon 870 5G,,,998.0,3215.0
Qualcomm Snapdragon 865,,,910.0,3309.0
Intel Core i3-10110Y,,,996.0,1633.0
Apple A12 Bionic,,,1117.5,2814.5
Google Tensor,,,1041.0,2805.0
HiSilicon Kirin 990,,,770.0,2977.5
Qualcomm Snapdragon 860,,,756.0,2712.5
Qualcomm Snapdragon 7c,,,620.0,1725.0
Qualcomm Snapdragon 855,,,744.0,2694.0
Apple A10X Fusion,,,850.0,2324.0
MediaTek Dimensity 900,,,726.5,2171.5
Intel Celeron 5205U,,,480.0,912.0
Intel Celeron N5100,,,631.0,1788.0
Samsung Exynos 9825,,,834.0,2331.0
HiSilicon Kirin 820,,,642.0,2434.0
MediaTek Dimensity 800,,,523.0,2143.0
HiSilicon Kirin 980,,,707.0,2558.0
Qualcomm Snapdragon 850,,,488.0,1923.0
Qualcomm Snapdragon 765G,,,606.0,1810.0
Qualcomm Snapdragon 750G 5G,,,656.0,1885.0
MediaTek Dimensity 800U,,,599.0,1779.5
Qualcomm Snapdragon 730G,,,547.0,1744.5
Qualcomm Snapdragon 730,,,545.0,1713.5
Mediatek Helio G95,,,509.0,1675.0
Qualcomm Snapdragon 480 Plus 5G,,,540.0,1661.0
MediaTek Dimensity 720,,,511.0,1627.0
Qualcomm Snapdragon 675,,,486.0,924.0
UNISOC Tangula T740,,,367.0,1727.0
Apple A10 Fusion,,,777.0,1421.0
Mediatek Helio P70,,,295.0,1443.0
Qualcomm Snapdragon 670,,,349.0,1343.0
Qualcomm Snapdragon 662,,,314.0,1389.0
UNISOC T618,,,384.0,1309.0
UNISOC T610,,,351.0,1330.0
UNISOC Tangula T700,,,351.5,1342.0
Mediatek Helio G85,,,353.5,1300.5
Mediatek Helio G70,,,387.5,1307.5
HiSilicon Kirin 710A,,,297.0,1312.0
Mediatek Helio P60,,,293.5,1430.5
Apple A9,,,531.0,970.0
Mediatek Helio P25,,,177.0,891.0
Mediatek MT8768,,,152.0,780.0
Mediatek Helio G25,,,141.0,650.0
Samsung Exynos 7904,,,239.0,596.0
Qualcomm Snapdragon 460,,,254.0,1155.0
Mediatek Helio P23 MT6763V,,,150.0,875.0
Mediatek Helio P35 MT6765,,,168.5,934.5
Mediatek Helio P22 MT6762,,,137.0,805.0
MediaTek MT8168,,,144.0,500.0
Mediatek Helio A22 MT6761,,,134.0,439.0
Mediatek Helio A20 MT6761D,,,143.5,477.0
